plik,kategoria,dissimilarity_d1_a0,dissimilarity_d1_a45,dissimilarity_d1_a90,dissimilarity_d1_a135,dissimilarity_d3_a0,dissimilarity_d3_a45,dissimilarity_d3_a90,dissimilarity_d3_a135,dissimilarity_d5_a0,dissimilarity_d5_a45,dissimilarity_d5_a90,dissimilarity_d5_a135,correlation_d1_a0,correlation_d1_a45,correlation_d1_a90,correlation_d1_a135,correlation_d3_a0,correlation_d3_a45,correlation_d3_a90,correlation_d3_a135,correlation_d5_a0,correlation_d5_a45,correlation_d5_a90,correlation_d5_a135,contrast_d1_a0,contrast_d1_a45,contrast_d1_a90,contrast_d1_a135,contrast_d3_a0,contrast_d3_a45,contrast_d3_a90,contrast_d3_a135,contrast_d5_a0,contrast_d5_a45,contrast_d5_a90,contrast_d5_a135,energy_d1_a0,energy_d1_a45,energy_d1_a90,energy_d1_a135,energy_d3_a0,energy_d3_a45,energy_d3_a90,energy_d3_a135,energy_d5_a0,energy_d5_a45,energy_d5_a90,energy_d5_a135,homogeneity_d1_a0,homogeneity_d1_a45,homogeneity_d1_a90,homogeneity_d1_a135,homogeneity_d3_a0,homogeneity_d3_a45,homogeneity_d3_a90,homogeneity_d3_a135,homogeneity_d5_a0,homogeneity_d5_a45,homogeneity_d5_a90,homogeneity_d5_a135
Gres_0.jpg,Gres,3.2323449803149567,3.8584537169074413,3.33569143700787,3.868745737491482,4.1830624999999975,4.212333081380693,4.210124999999997,4.2081758629377495,4.225292174796744,4.258194588969824,4.264672256097555,4.228472944849112,0.4454123297936328,0.21456729795868945,0.4084595526307187,0.2123276971386308,0.07637510332631868,0.06858762271762167,0.06694815331177424,0.07266754241342371,0.057144938409023495,0.043076433719698895,0.042052370041537064,0.05864447525859253,16.605745570866137,23.517329034658086,17.70072588582677,23.582181164362375,27.69031249999999,27.900163769211286,27.92262499999995,27.769652305366503,28.323361280487756,28.700442247658668,28.646023882113777,28.223790322580694,0.07655537835351836,0.07312054484503612,0.07582592650597762,0.0730797647135422,0.07243187801738253,0.07225771342116151,0.07242163059559614,0.07219058497557111,0.07231948942154047,0.07237080917477999,0.0722750991320107,0.07232761979842245,0.2560143628163709,0.2224179193416635,0.25068677776113485,0.22048608605237419,0.2075739720952741,0.20702177189730264,0.20554658657795236,0.20511054715631197,0.20636097923286265,0.2032709268526535,0.202375066186395,0.2051309218441904
Gres_1.jpg,Gres,3.472440944881896,3.998077996155997,3.0707431102362204,3.9964039928079904,4.67525,4.543083900226735,3.832874999999993,4.56475182665657,4.6982977642276325,4.713384495317372,3.8588668699186908,4.672541623309049,0.5020618929143439,0.38506289637197905,0.6750588592105787,0.38361572775741126,0.007050947292667331,0.07581545694975031,0.4961777824080952,0.07166229153252596,0.0008790671501472482,-0.00795332107300037,0.48644245544260123,-0.0018307300061652175,23.18799212598428,28.639531279062606,15.075418307086641,28.705437410874865,46.563625000000016,43.18531116150149,23.35987499999997,43.374401612496655,47.16946138211374,47.36140738813741,23.787220528455236,47.069263787721084,0.07963755895979355,0.07670771001840421,0.0802630243764841,0.07663143845371792,0.07478482152983976,0.07535188623968403,0.07674137268286244,0.07510810307622504,0.07468115895120297,0.07466164065794803,0.07691049371786245,0.07483801680845419,0.26230798361654695,0.2282270881109741,0.26982235616869976,0.22737954475516747,0.20984381294084786,0.20921643123315592,0.22504768158030847,0.20955654655632006,0.2087705049842592,0.20702390582099853,0.2256725856001387,0.21201162178855484
Gres_2.jpg,Gres,3.0597933070866152,3.566433132866272,3.046321358267719,3.5850331700663403,3.847249999999997,3.8623078861173994,3.866687499999999,3.8541824137062153,3.8494029471544646,3.8764958376690917,3.8669334349593507,3.9045915712799077,0.39169715826285967,0.18280107519212418,0.3983053563241968,0.17190240330269488,0.04310921314799152,0.039026478294708254,0.04033035706506892,0.043223404782075196,0.0340687323008477,0.030966785711101126,0.03773778750192639,0.012713497110568526,14.937500000000009,20.056234112468243,14.790907972440962,20.323702647405295,23.46062499999999,23.553665910808714,23.57131249999999,23.44501133786841,23.631669207317046,23.635340790842875,23.572217987804898,24.078629032258032,0.0835649380188849,0.08075124029403608,0.08366220888202426,0.08065695476616629,0.08022850666222067,0.08014066815273,0.0801219651336323,0.08013228868865539,0.08059197290630729,0.08057774961456207,0.08015329250700892,0.08037124154592298,0.2709886828790719,0.23465776436761634,0.2699956081498142,0.23585136157150036,0.22399585265380823,0.22145329513078965,0.2191021418386146,0.22171081655588976,0.2240852562182331,0.21863838048661344,0.2192812527097075,0.22177782296081286
Gres_3.jpg,Gres,3.310100885826768,4.354950709901433,3.8284325787401614,4.38099076198154,4.198562499999996,4.9497354497354085,5.097437500000002,4.943814562862156,4.231580284552847,5.095083246618108,5.045731707317062,5.090010405827266,0.6571773471060848,0.3366250184173464,0.45281134883945956,0.3319129843637518,0.4483151757015612,0.0202149617374358,-0.019129175123861048,0.023367033371650924,0.4446683277877843,-0.007284214334768549,0.010899473830892143,-0.009474847908032243,17.65741879921262,34.256990513981144,28.22668553149612,34.502015004030035,28.403812499999972,50.73318216175322,52.90993749999985,50.57168052406118,28.585111788617894,52.45096253902198,51.56720020325199,52.55593132154005,0.07413082829793775,0.0706556769897425,0.07321526699097698,0.07066659793036809,0.07097511392646702,0.06949388183541973,0.06913349009796178,0.06940813463354949,0.07084264373132368,0.0689795173403433,0.06907891913831926,0.06916102722909345,0.25778065461464844,0.21187326388954367,0.24287317468136987,0.20959370886207898,0.21414655512047745,0.19625279051138075,0.1881828750820598,0.19690404906314365,0.20672421220566567,0.19236672595876111,0.19120874036508112,0.19233401297003094
Gres_4.jpg,Gres,3.614542322834639,4.548391096782196,3.6727362204724368,4.533573067146144,4.7458124999999844,5.506172839506146,4.947999999999991,5.46674225245652,4.799415650406495,5.723335067637868,4.961255081300816,5.70427939646202,0.6513674557207315,0.4492100186207411,0.6420356946145921,0.453205897337876,0.34457195676043506,0.08129042910234494,0.2566094530246552,0.08814314580574968,0.3337888627725547,-0.021421075321378862,0.27760980855069384,-0.018042254241771537,24.999630905511815,39.59718519437039,25.669168307086586,39.3093186186373,47.16293749999986,66.30272108843512,53.57199999999987,65.80650037792853,48.187881097560904,74.37695109261195,52.29052337398369,74.13417013527578,0.07428750591334765,0.0712279972601371,0.07395103822597497,0.07143623776854355,0.07093759636557322,0.06991316703808959,0.07054476914077318,0.06995903362580047,0.07062251263586997,0.06909939858100088,0.07026305238871577,0.06912606671264258,0.2524951587114521,0.2091976087023449,0.2449608528151305,0.2097348896661383,0.2118229320482052,0.19072268007328613,0.20459247220660495,0.19433666928335874,0.20918798312521444,0.18976661865197472,0.19983920965340712,0.18930627316005424
Gres_5.jpg,Gres,3.362758366141732,4.366110732221478,3.8032726377952724,4.357554715109437,4.197187499999996,4.963214915595844,5.080624999999992,4.953451751070767,4.213795731707313,5.116024973985419,5.080348069105689,5.125325182101976,0.6470539667829737,0.3403470198210023,0.4663159683459492,0.34265661513607176,0.453676928040567,0.030052528387412177,-0.0043605129917052236,0.03926852591520173,0.44789929980679655,0.004601013254917817,0.020244027952192826,0.004263610546718983,18.140071358267747,34.00452600905212,27.523499015748072,33.888089776179676,28.105062499999956,50.17208364827375,52.12162499999996,49.7007432602668,28.371570121951212,51.81191467221644,51.12989075203254,51.83851456815821,0.07410093400802518,0.07119909166009322,0.07360402310295537,0.07124115068684629,0.07128877782477393,0.07010767350646104,0.06973661385886178,0.07004750492395463,0.07138690785372641,0.06968410413423622,0.06961154645395728,0.06965980523473211,0.25344475590809046,0.2080885954477855,0.23823024171218363,0.20753027269510843,0.20967989910542897,0.19610875387466342,0.1914736025823681,0.19249598000171886,0.21020098535837467,0.19007528595422984,0.19042731929985354,0.18944268063467948
Gres_6.jpg,Gres,3.555979330708665,4.192262384524775,3.6053764763779523,4.173414346828689,4.512312499999994,4.442806752330562,4.458749999999996,4.475056689342393,4.494601117886175,4.465140478668051,4.440421747967472,4.445499479708638,0.3931147472526998,0.1664612275101607,0.38186306573115764,0.17091643867758682,0.03178534777982688,0.06331535882202104,0.044916954056710506,0.04827054373672555,0.04028218146042913,0.04745767651679544,0.05990978027836071,0.04993872607987828,20.037155511811047,27.523281046562126,20.447157972440973,27.3755967511935,31.89031249999992,30.871000251952523,31.51162499999993,31.366465104560206,31.574758638211367,31.264438085327797,31.021722560975537,31.179760665972957,0.07198142968562138,0.06939611590906483,0.07156952145724721,0.06954073318304131,0.06898713365095681,0.06909417677914652,0.06930248180530751,0.06917073497033754,0.06910278664482583,0.06926172667713676,0.06917743069663883,0.06945659813821035,0.2388988677472093,0.2055809466952186,0.23408685533942122,0.20776930840273813,0.19257724010231783,0.19331067706236654,0.19762937674091793,0.1917561389789323,0.19064766153309268,0.1941296131011468,0.1969187844652227,0.19659983961507202
Gres_7.jpg,Gres,3.973240649606297,4.500589001178011,3.5679133858267655,4.534813069626152,5.141687499999983,5.07797933988407,4.453499999999993,5.026895943562579,5.167682926829263,5.192117585848072,4.476689532520318,5.1755332986472435,0.44579442648159273,0.31549047142167164,0.5915261985272426,0.30389832981507126,0.004326852661732501,0.03985249000928957,0.3630917287137152,0.05200285919422503,-0.0014755740495837207,0.0005724383442827843,0.35669666912096737,0.001679712393871138,27.33335383858271,33.771839543679164,20.10223917322833,34.33914067828147,49.36943749999979,47.47518266565858,31.30612499999993,46.86753590324983,49.95083841463408,49.66155046826233,31.673335873983714,49.61504942767958,0.06926457428177807,0.06740484279065698,0.06995607812276937,0.0672899173852506,0.06588937817471023,0.06619052996931224,0.06740932856901176,0.06610948545436601,0.06578222710276023,0.0657406429399935,0.06739150033491813,0.06578701553835523,0.22497469941055478,0.19767226457003062,0.23701249326748722,0.20208519318319793,0.18450477141686078,0.18490899707809408,0.1959293209246518,0.1869454411038845,0.18370270286035292,0.18151563339878873,0.19662610311429263,0.18392126495739575
Gres_8.jpg,Gres,3.6192790354330753,4.206212412424826,3.6271530511811045,4.2520305040610165,4.520999999999994,4.5358402620307245,4.537499999999993,4.55517762660619,4.537157012195119,4.5167793964620175,4.600355691056901,4.539737252861599,0.3756430161139528,0.16273957735089167,0.37289262632459297,0.14327845084751453,0.02917356346137899,0.03409929077767296,0.024867050917396077,0.022943743932413947,0.020640495241880146,0.03535055796489162,0.007020645486158884,0.022647689256447393,20.64560777559059,27.752619505239043,20.838275098425218,28.39872279744565,32.10087499999992,32.056626354245296,32.39687499999997,32.43109095490037,32.340383638211335,31.973985431841804,33.091844512195124,32.40120967741938,0.07162525568919126,0.06929618536273136,0.0714697574606034,0.06928803046201758,0.06909526937497225,0.0688101449010274,0.06895054556981392,0.06875680428228509,0.0692080264976607,0.0689229889739231,0.06872601702029449,0.06902423485485651,0.23186211652130043,0.20479167346156912,0.23374572575894062,0.20498757725101652,0.19343282960273686,0.1902962664194403,0.19135682224813255,0.1914417489280594,0.19177595462221017,0.1918978781144202,0.18934993511330292,0.1896006056078193
Laminat_0.jpg,Laminat,2.6499753937007875,3.2942525885051834,2.739234744094488,3.1564263128526333,3.8123749999999985,3.780675233056179,3.7757499999999995,3.76077097505668,3.7992886178861824,3.863423517169618,3.8852896341463397,3.8059313215400596,0.7104453327260487,0.5585597189621616,0.6878781298942479,0.594442108653997,0.42679373968199796,0.4295273319445822,0.42675558632242233,0.43463541578800313,0.4269023946231977,0.39952047631058063,0.39543489339018195,0.41520615780833203,11.93663877952759,18.027838055676135,12.78930856299215,16.558001116002256,23.544999999999973,23.069286974048783,23.219249999999988,22.826656588561313,23.498094512195113,24.04929760665976,24.16501524390252,23.353537981269483,0.07742502888072027,0.07099401349817931,0.07676440735601597,0.07209784062212764,0.0670814133395011,0.0675318983723074,0.0675731663643194,0.0677749948246242,0.06725650682115754,0.06731593114321514,0.06714150912699829,0.06764300488847988,0.31305083095145125,0.2615565657491348,0.30630382809254986,0.2692142248894208,0.2285921329068911,0.22896257933037464,0.23165583773658696,0.23045096051985434,0.22938799372782506,0.22332217525675782,0.22089353558175454,0.22784185348442285
Laminat_1.jpg,Laminat,3.5048597440944897,4.16957033914068,3.2653174212598497,3.8280736561473248,4.511499999999991,4.4708364827412295,4.3941874999999975,4.442806752330538,4.482278963414637,4.4731399583766835,4.490154979674788,4.478342872008313,0.6021097246165948,0.44545556446123413,0.6539036134790159,0.5315148152545461,0.3533660182839874,0.3671101200639171,0.39106036547066814,0.378237716518389,0.36338829924926586,0.36281591565318283,0.36530276298263475,0.35859574769030106,20.195558562992197,28.11240622481247,17.58606053149607,23.74598549197102,32.603749999999955,31.93367346938758,30.830062499999972,31.362433862433733,31.94950457317076,31.861017169614957,31.98253302845519,31.99030957336108,0.06328544509503257,0.05945988062463204,0.06490599424292119,0.061137969866446346,0.05806270182957384,0.058165940570095644,0.058340628264100906,0.05828188459881017,0.058160348440928156,0.0583116704846104,0.05799011942960755,0.058424247572296244,0.24808393454629327,0.21183582950006483,0.26371861649670997,0.22801745686711059,0.19695845449959926,0.19924335175850263,0.19993610753995594,0.196793842858325,0.1976980701489109,0.1956215387116476,0.1949999550053378,0.19564589947695252
Laminat_2.jpg,Laminat,4.483698326771649,4.891809783619576,3.6360113188976384,4.606051212102437,5.34943750000001,5.14071554547743,4.997624999999992,5.169942050894404,5.147992886178852,5.205254942767945,5.112614329268282,5.0791493236212135,0.42484333030121424,0.3165554776898683,0.6202404977849346,0.40068337998467757,0.18805285806355515,0.2527428986929453,0.295279462431225,0.2467802062748045,0.2382253339688982,0.22501716439256897,0.2613639877698322,0.2642691714003986,32.13022883858273,38.210924421848915,21.253383366141783,33.50542501085014,45.00093749999999,41.71352985638672,39.48224999999991,42.04106827916328,41.95236280487799,42.92403746097822,41.329458841463364,40.704929760666055,0.05593351314603782,0.05463291069499971,0.06013257980271029,0.055428474949714084,0.05367183633550291,0.05396690346995267,0.05426306726264196,0.053801714297918794,0.05420817913224295,0.05397217713227267,0.054002400701331436,0.05428044220890857,0.1977463377843856,0.1848861836405817,0.2350578812989002,0.18881635742880656,0.16473370460779607,0.17335805549336156,0.17505314243422124,0.17207548992154603,0.17405445386355356,0.17307076454169462,0.17279556400528662,0.1748658329279156
Laminat_3.jpg,Laminat,4.311208169291331,5.2895405790811685,4.881951279527551,5.093248186496376,5.304437499999982,5.381078357268814,5.33918749999999,5.415406903502118,5.330157520325198,5.4071930280957226,5.363249491869909,5.387421956295524,0.4882675362568902,0.24365210698198808,0.3448444450110689,0.2914202188052356,0.24221287565568875,0.22446649993274664,0.22889157391264597,0.21456137007008225,0.22966513852017276,0.20465208615976954,0.2055291118766312,0.20545420332353223,30.172674704724464,44.47510695021411,38.55468750000014,41.65831731663471,44.6783124999999,45.33383723859891,44.940437499999994,45.89638447971748,45.25889227642269,46.15433142559838,46.091908028455215,46.039086888657664,0.05626809862195357,0.05317189337412877,0.05419654357041503,0.05359334256205718,0.052988703837468995,0.05278736495408507,0.05302796284744502,0.0526936509688081,0.052997706380311094,0.05303776905075331,0.05335186265971938,0.05312669495257173,0.20638512348145524,0.16883487163227054,0.18553325972587553,0.1774592937291899,0.1680513212232028,0.1641481464428394,0.16662414546697804,0.16309592691378572,0.16868232337271108,0.16682562745236443,0.17061963931133955,0.16686306981412646
Laminat_4.jpg,Laminat,4.570004921259838,5.576663153326304,4.650836614173217,4.641949283898568,5.297937499999986,5.348261526832931,5.243999999999994,5.13403880070543,5.247713414634141,5.283688865764831,5.267466971544709,5.255723204994788,0.42349872570968944,0.1589551301483751,0.4051769150988852,0.41058199454144384,0.2394167094736786,0.22377096173824773,0.2526767302579617,0.27792942319636293,0.24552775452834008,0.2349103143464021,0.2364831058404479,0.243805792620847,33.53100393700797,48.85026970053948,34.645546259842625,34.23783247566501,44.07268749999983,44.76310153691078,43.21762499999994,41.64184933232527,43.72141768292681,43.95499479708639,44.09063770325209,43.41584287200842,0.05527803543591652,0.05273291877975089,0.05513431066402232,0.055063475625257166,0.05330733415769355,0.053272400063435386,0.05335077026154368,0.05368073167975058,0.053472694350294725,0.053583478741048,0.053463055220587606,0.05361843656867223,0.19819219660315537,0.1594563745084277,0.19206969148677502,0.19137856585491253,0.16621764833161676,0.16497577924815196,0.16941773961275028,0.17469721305669106,0.17025773697173804,0.1681790216841696,0.1710239622560506,0.17054628788606468
Laminat_5.jpg,Laminat,4.589751476377944,5.347138694277407,4.121001476377941,4.3104966209932485,5.030374999999984,5.019967246157677,4.886187499999994,4.863819601914798,4.973958333333321,4.991675338189371,4.952108739837385,4.8954864724245555,0.42351479028799466,0.23143029099299528,0.5340119970905255,0.49213282927276003,0.30823913848565443,0.3111650915157207,0.34787801432245474,0.35379316150571294,0.3168593305593155,0.3107765544304173,0.327816488702535,0.33478637064275646,33.777989665354426,44.915617831235856,27.292630413385847,29.676359352718762,40.29149999999983,39.982930209120305,38.045937499999894,37.491685563113755,39.5813008130081,39.75884495317385,39.17009654471525,38.312239854318435,0.05512722356266995,0.05298432075002766,0.05714745119126892,0.0564410084631471,0.05391466419838854,0.053882255279921444,0.05434622083227138,0.05442873049496373,0.05422897626812515,0.05426275063301458,0.05424260727185008,0.054540513105603046,0.19575763521608944,0.1675718252267024,0.21235100183257768,0.20232201228358787,0.17880518284032704,0.17696311645839552,0.18274237767200166,0.18232373563418028,0.18062936579767472,0.17934102368111443,0.18023849767273484,0.1834964387438871
Laminat_6.jpg,Laminat,4.111958661417307,5.357306714613438,5.159756397637793,5.162192324384665,5.188187499999981,5.375598387503117,5.316624999999985,5.346434870244349,5.290332825203237,5.341376170655558,5.28315548780485,5.277770551508835,0.5367231669293221,0.2263903116200702,0.2790029974228579,0.2795704944536488,0.278178834976267,0.2279679592764634,0.2438109926863222,0.2393950575096976,0.24458307172701194,0.22731717287680986,0.23375609649611503,0.24309823957660967,27.46026082677174,45.72843945687913,42.606483759842675,42.58484716969453,42.806687499999846,45.62112622826871,44.61974999999989,44.94734189972242,44.679814532520275,45.3974375650365,44.76651422764227,44.43763007284088,0.05697625311352416,0.052660446869349814,0.05309160103834812,0.05302487884512235,0.05295314113676357,0.05247885156359313,0.052721426651078034,0.05249927903837457,0.05277605004335214,0.05276937083693308,0.053140206338066404,0.05295138980571703,0.2133827446475128,0.1675586064702257,0.1768170241642318,0.17416508166650307,0.17108620316263357,0.16768079517113932,0.1667016553627433,0.1672097014771229,0.16871935137094937,0.1701385634257417,0.1704488124587065,0.17331429579225105
Laminat_7.jpg,Laminat,3.5886441929133808,4.843077686155382,4.142962598425189,3.8418996837993973,4.404812499999984,4.576530612244856,4.514499999999976,4.362874779541425,4.441755589430888,4.491610301768987,4.427527947154469,4.443158168574398,0.6038299156154759,0.30483429230741965,0.48473426393431746,0.5505232432145406,0.41758976264221165,0.37828655913815035,0.3941138871484962,0.42674814639839903,0.40372382925767075,0.3863468200216927,0.40016422654683687,0.399779163081284,21.389087106299208,37.426002852005816,27.797121062992126,24.19567239134493,31.34731249999986,33.32571176618765,32.49037499999991,30.706790123456596,32.07768038617887,32.57667793964623,31.88166920731706,31.805541103017735,0.06250799169254724,0.056277366041376696,0.058983482506467,0.060733528402614693,0.0578721145339014,0.057111644762598515,0.05743982925092132,0.05816563362356851,0.05786613665881417,0.05790170264034811,0.058054747812838134,0.05810844935561171,0.24172616883268722,0.18176693539404748,0.21122378116376866,0.22815206441625652,0.199824238916646,0.19307091964038184,0.19348871278525875,0.20380350699283767,0.20028998702678932,0.19774841136164567,0.2015176999091472,0.19915697294825577
Laminat_8.jpg,Laminat,2.933562992125975,3.838985677971367,2.955954724409446,2.8741397482795032,3.528562499999994,3.634983623078847,3.486062499999996,3.4321617535903095,3.5212779471544726,3.5199011446409982,3.48361280487804,3.4988943808532738,0.5912437991292966,0.3303034604830132,0.5900719955413744,0.6132633905188569,0.416751192582706,0.39051479886279006,0.4404214718440369,0.45135960211998877,0.4228489755449894,0.41887185035534835,0.4311679955123665,0.42035707569833597,14.512426181102404,23.747721495443052,14.560039370078766,13.71176142352288,20.554062499999908,21.508755353993344,19.782062499999913,19.348387503149297,20.180576727642286,20.215920915712775,19.971798780487738,20.12506503642039,0.07852365360316654,0.0715449866078678,0.0781089049505143,0.07909344907809843,0.07371290115627635,0.07285948109462242,0.07370878085411516,0.07420668042676222,0.07375130862728055,0.07398366641582653,0.07381049936744621,0.07424346791158552,0.2902442532389797,0.22442977678748802,0.2841932759086001,0.28917338453425867,0.246074428392877,0.23960491656980867,0.24453863723209382,0.25082230984634946,0.24280324042232196,0.24521671649274868,0.24871546635110364,0.2478296141342388
Tynk_0.jpg,Tynk,1.6497908464566933,3.041974083948166,2.4975393700787363,2.643747287494574,3.667687499999994,4.64965986394557,5.144875,4.069286974048871,4.322154471544718,5.2066857440166485,5.44493140243902,4.845343392299682,0.8821517839218452,0.6268581380814652,0.7493051793626042,0.7188771735900786,0.4425379830981848,0.14553195054135928,-0.03285235795418195,0.3423636225302079,0.24059243380198356,-0.07885411450619326,-0.1685507873572062,0.06292143486865473,4.952202263779533,15.727075454150915,10.557578740157487,11.848533697067392,23.48881249999998,36.144242882338,43.64637499999998,27.811161501637624,32.0613567073171,45.8465140478668,49.43400660569108,39.812174817898004,0.10281106374896874,0.07925799862030487,0.08560820901635505,0.0835751552747488,0.07457331753046789,0.06959930691039214,0.06899317787832353,0.07187565735701941,0.07112882510122281,0.06865780961713372,0.06884462363703538,0.06935717263871925,0.4436149071270975,0.28106832723998043,0.32676682990043765,0.3126250083761347,0.24510476037864137,0.1960641994218604,0.17872776921552225,0.22178341097541332,0.21302191530764092,0.18191901353348156,0.17249963391894946,0.19416238212193584
Tynk_1.jpg,Tynk,1.6355191929133848,2.9923739847479767,2.4665354330708675,2.6095852191704427,3.6698125000000004,4.5363441672965354,5.053999999999993,4.046863189720327,4.4199695121951175,4.963839750260143,5.3111661585365795,4.7761446409989565,0.8745231675653051,0.6056750432555111,0.7314831679797927,0.6965453049339739,0.39321905044257405,0.11020189177663395,-0.09697174598365578,0.285436913448414,0.13331633063040016,-0.051007059815146576,-0.19812280081755887,0.01555935445405841,4.821296751968504,15.173290346580714,10.342888779527575,11.677227354454729,23.309812499999985,34.26725875535389,42.23112499999996,27.52280171327787,33.33371443089424,40.59469302809575,46.11617123983739,37.83753902185225,0.10432428848309941,0.0809260403706363,0.08724385164152744,0.08523737496903173,0.0756429085200655,0.0714142810187222,0.0705449214153647,0.07330997692624991,0.071698337795365,0.07083182799577122,0.07106945866899886,0.0713295520491191,0.44648050332054195,0.2863097334546391,0.3312402504024633,0.31850494454794065,0.2485506238051326,0.20183428189342198,0.1820393207869415,0.22286709533975924,0.21293842584875822,0.18443514782673837,0.17236363212221528,0.1937095629897595
Tynk_2.jpg,Tynk,1.5321727362204718,2.727633455266916,2.35894438976378,2.5784611569223133,3.4476249999999977,4.158226253464336,4.822312499999997,3.9713403880070484,4.140561483739832,4.687109781477622,5.049415650406495,4.6251951092611865,0.879807860268357,0.6358017494251111,0.7340337222362897,0.6793987161897235,0.4132900566740659,0.1699326748708273,-0.0862783989415121,0.24999909056593722,0.16842119232660027,-0.04176003846715021,-0.20042759671211563,-0.021309813411472842,4.265071358267715,12.902101804203621,9.437930610236236,11.357182714365445,20.722499999999943,29.231796422272517,38.298562500000024,26.415784832451422,29.245490345528466,36.33578303850153,42.17136686991869,35.74187044745055,0.11035572864408376,0.08654207973059297,0.09131844449010934,0.08788426271263611,0.07981885008019712,0.07553945312711564,0.07416473692480141,0.07637253793986049,0.07585558176396846,0.07450403823398866,0.07459500053691515,0.07468469448837906,0.46529378934113635,0.31091450272129195,0.33885121787405265,0.3212866257407308,0.2612913199572987,0.219048511164955,0.1881085743938799,0.22418937066928432,0.22131020810947144,0.19407848231591715,0.1826039777729496,0.19662967235369566
Tynk_3.jpg,Tynk,1.610297736220473,2.9379378758757517,2.4173843503936996,2.5602331204662416,3.5610625000000025,4.470584530108331,4.953187499999995,3.9301461325270757,4.214875508130079,4.941922476586888,5.161902947154467,4.635015608740894,0.8692826150739087,0.5911802873679936,0.7189983685441086,0.6826673845081305,0.39170531146447135,0.08069774713846899,-0.12043630046101012,0.2753855034724172,0.1609731322040299,-0.1298129832703268,-0.2245693718744983,0.009526772188070395,4.60562253937008,14.425816851633705,9.890932578740157,11.1972223944448,21.508437499999946,32.59744268077593,39.58806249999991,25.690665154950846,29.73532774390241,40.298191987513015,43.422954776422706,35.31802809573358,0.1054694541367893,0.08192527565395379,0.0888710753970595,0.08661806756519398,0.07685795034510083,0.07233691561656619,0.07207464121485442,0.07445139019195866,0.07352361726289615,0.07233209339781171,0.07296301659216832,0.072521339302182,0.447162823359201,0.28575471748275055,0.3327510706317151,0.32228288719742637,0.2508472815721544,0.19835246090359837,0.1799349529575475,0.22802840943568062,0.21808222095474644,0.18804502116337932,0.17831422257998103,0.1955944905037228
Tynk_4.jpg,Tynk,1.5167322834645658,2.762415524831054,2.2970595472440944,2.4309628619257264,3.3608125000000024,4.134101788863688,4.584874999999997,3.6930587049634607,3.9542047764227624,4.469367845993755,4.735835873983738,4.264047866805411,0.8753547793560207,0.6036986253463626,0.7215404638393746,0.6879654591226732,0.41316070844184105,0.12614742416002236,-0.07133624526632926,0.29452980163003495,0.1885842843497926,-0.04814402299096499,-0.1536223167382036,0.06562499139947338,4.14616141732283,13.198028396056802,9.261257381889774,10.391282782565568,19.580187499999983,29.191672965482468,35.67100000000003,23.570987654320927,27.13319359756096,35.04871227887614,38.41545985772359,31.302289281997894,0.11308034393814079,0.0889752544607318,0.09553857125284049,0.09331815772441841,0.08308291932987796,0.0790384058450985,0.07808726588727509,0.08112563011510084,0.0799334280250465,0.07865939286416304,0.07851656728194518,0.07920930060186193,0.4659300326307922,0.3061392291397537,0.35202438718991186,0.3371698209665137,0.2644673899900995,0.21984754062541131,0.19997388359534968,0.24057118241320782,0.23321905741104695,0.2131803238622912,0.19747938704447746,0.21612778231199486
Tynk_5.jpg,Tynk,1.4912032480314952,2.567301134602272,2.2131520669291316,2.4813069626139272,3.3402500000000015,3.8471277399848796,4.401062499999997,3.7454018644494766,3.9557291666666625,4.145551508844951,4.550558943089429,4.217286680541104,0.8649183321061639,0.6199469955203644,0.7146329234861009,0.6411573879483693,0.34740138049070135,0.16821132947772152,-0.08003093580107656,0.20498410016814003,0.10110733363116327,0.036397155253583766,-0.14894656413216364,0.018374138469230996,4.000676673228343,11.258354516709044,8.454785925196857,10.626759253518522,19.37987499999998,24.67592592592588,31.962562499999958,23.562106324011047,26.807863313008117,28.696019771071807,34.07621951219512,29.180736212278898,0.1151917574273434,0.09202061244709586,0.09755270818322812,0.09311223539105291,0.08430987069658565,0.08105802645637318,0.07988089277950008,0.08153230120621846,0.08094335609619407,0.08040110209423734,0.08045559821672028,0.08034108034002593,0.46945354056714805,0.3186550418585366,0.35762862642524434,0.33176334872644925,0.2655953022318018,0.22823455510342605,0.2026769937518397,0.23816007903800243,0.23023939969152388,0.21557069958291433,0.1977106568316725,0.20920948738048983
Tynk_6.jpg,Tynk,1.4830216535433085,2.7043214086428202,2.268823818897637,2.407278814557632,3.262312500000002,4.049508692365831,4.449000000000002,3.64739229024943,3.81745426829268,4.305085848074917,4.464176829268298,4.06633714880333,0.8630323065769056,0.5695994198056309,0.69705779448814,0.65376372325447,0.3698660316196272,0.046790489348404615,-0.1416973151743729,0.22088242213450143,0.15120729348955847,-0.09812420275695033,-0.18063287675184975,0.022185538041354227,3.980437992125989,12.492032984065967,8.804502952755916,10.045942091884196,18.331812500000016,27.636684303350922,33.06062500000001,22.569160997732407,24.612931910569117,31.714164932362102,34.08282520325205,28.22307492195628,0.1166997841283734,0.09113898022921728,0.09762380595197749,0.0954215445853203,0.08605077761487688,0.08249317192698925,0.08218930606380613,0.08356825559393206,0.08297578353957114,0.08216578938827065,0.08281404818828024,0.08250883094947979,0.4723402589846619,0.30768652411959946,0.34781671877190024,0.33910158776798,0.26915115158764474,0.22127381295221943,0.20312127354992845,0.2417320894935107,0.2342051326518821,0.21156759000726463,0.20719727771449498,0.22424049502238777
Tynk_7.jpg,Tynk,1.4061269685039377,2.554839109678217,2.163570374015748,2.324322648645298,3.1008749999999985,3.8093978332073517,4.2507499999999965,3.4628369866465114,3.6576473577235724,4.10906607700312,4.351244918699189,3.9025754422476573,0.8664971016821466,0.5824000869869697,0.6956186398484699,0.6497400075401785,0.37892461406098565,0.08128439077868736,-0.11939742362566928,0.2380256479626877,0.1601074854507347,-0.06894241469082708,-0.1932793732660568,0.030664592448401713,3.5254675196850407,10.991443982887985,8.024667814960639,9.219356438712872,16.37949999999998,24.10166288737712,29.46237499999997,19.99218946837991,22.268038617886177,28.117000520291334,31.422510162601636,25.49674817898025,0.11960474475543109,0.09356848908801287,0.09980443383027668,0.0967459339769147,0.08771953486467536,0.08386433900312798,0.08349469013805604,0.08520532047923152,0.08395445343925169,0.08342541597703516,0.08367882192702542,0.08380791327872562,0.4842931147630386,0.3170414263689091,0.3634267973733286,0.3438118146717226,0.27814625639040924,0.23222279448129643,0.20678469912821437,0.2516998782937495,0.2375486840175144,0.21925209935128326,0.20800667680238574,0.22745012197668654
Tynk_8.jpg,Tynk,1.4055733267716517,2.463388926777852,2.046936515748033,2.22220844441689,3.1048125000000035,3.6746661627613895,4.087500000000002,3.337742504409167,3.6593622967479646,3.9075832466181035,4.229674796747962,3.773803329864722,0.8595129084859265,0.5888197338880683,0.7136232373478308,0.6654903109327057,0.34582645925597905,0.0962672449820706,-0.10714298831714565,0.2559803082563759,0.09872334261799201,-0.038473962810107086,-0.18896018760304278,0.028245801825632442,3.518762303149607,10.301568603137211,7.168614665354334,8.380432760865517,16.3750625,22.647329302091162,27.729875000000014,18.643613000755835,22.55252794715448,26.02074661810612,29.86280487804875,24.344172736732563,0.12258003413495364,0.09782656907053518,0.10491515786263506,0.10148141015902981,0.09085345127938184,0.08793748097923809,0.08746386530662248,0.08941788603499864,0.08774269610731959,0.08721544018439964,0.08741532462671063,0.0875934958563963,0.48457578255751854,0.327758003567908,0.37604955105447646,0.354729056073008,0.2786722778169595,0.23707305164810233,0.21662722085799968,0.2586351398876687,0.24218782072600378,0.2315842999598536,0.21288146784216327,0.23781865721716772
